"","Year","Var"
"1",NA,NA
"5","2005",NA
"6","2004",1.8
"7","2003",0.76
"8","2002",0.46
"9","2001",0.06
"10","2000",-0.11
"11","1999",1.06
"12","1998",0.03
"13","1997",-0.84
"14","1996",-0.89
"15","1995",-0.8
"16","1994",-0.74
"17","1993",-0.36
"18","1992",-0.34
"19","1991",-0.16
"20","1990",-0.54
"21","1989",-0.28
"22","1988",-0.8
"23","1987",-0.86
"24","1986",-0.81
"25","1985",-0.64
"26","1984",-0.52
"27","1983",-0.33
"28","1982",-0.15
"110","1981",-0.19
"2","1980",0.23
"3","1979",1.17
"4","1978",1.11
"51","1977",0.79
"61","1976",0.62
"71","1975",0.77
"81","1974",0.93
"91","1973",0.4
"101","1972",-0.04
"111","1971",-0.03
"121","1970",0.57
"131","1969",1.45
"141","1968",1.68
"151","1967",1.21
"161","1966",1.44
"171","1965",1.35
"181","1964",1.21
"191","1963",1.42
"201","1962",1.12
"211","1961",1.4
"221","1960",1.23
"231","1959",0.89
"241","1958",0.95
"251","1957",1.55
"261","1956",1.25
"271","1955",1.51
"281","1954",1.09
"29","1953",0.81
"30","1952",0.97
"31","1951",0.87
"32","1950",0.78
"33","1949",1.14
"34","1948",1.82
"112","1947",1.39
"210","1946",1.3
"35","1945",0.71
"41","1944",1.01
"52","1943",0.9
"62","1942",1.1
"72","1941",1.44
"82","1940",3.22
"92","1939",1.16
"102","1938",0.88
"113","1937",1.36
"122","1936",1
"132","1935",0.84
"142","1934",1.06
"152","1933",0.62
"162","1932",0.64
"172","1931",0.52
"182","1930",0.65
"192","1929",1.04
"202","1928",0.45
"212","1927",0.31
"222","1926",0.25
"232","1925",-0.01
"242","1924",-0.52
"252","1923",-0.39
"262","1922",-0.5
"272","1921",-0.53
"282","1920",-0.12
"291","1919",-0.07
"301","1918",-0.36
"311","1917",-0.33
"321","1916",-0.65
"331","1915",-0.3
"341","1914",-0.35
"114","1913",-0.22
"213","1912",-0.44
"36","1911",-0.33
"42","1910",-0.34
"53","1909",-0.07
"63","1908",-0.33
"73","1907",-0.5
"83","1906",-0.6
"93","1905",-0.63
"103","1904",-0.42
"115","1903",-0.59
"123","1902",-0.19
"133","1901",-0.1
"143","1900",-0.49
"153","1899",-0.66
"163","1898",-0.61
"173","1897",-0.2
"183","1896",-0.01
"193","1895",-0.04
"203","1894",-0.19
"214","1893",-0.34
"223","1892",-0.54
"233","1891",0
"243","1890",-0.04
"253","1889",-0.05
"263","1888",0.14
"273","1887",-0.04
"283","1886",-0.08
"292","1885",0.02
"302","1884",0.37
"312","1883",0.37
"322","1882",0.63
"332","1881",0.5
"342","1880",0.8
"116","1879",0.89
"215","1878",0.54
"37","1877",0.84
"43","1876",0.59
"54","1875",0.47
"64","1874",0.12
"74","1873",0.82
"84","1872",-0.86
"94","1871",0.69
"104","1870",0.21
"117","1869",1.02
"124","1868",0.68
"134","1867",0.21
"144","1866",0.18
"154","1865",0.09
"164","1864",0.1
"174","1863",0.42
"184","1862",0.16
"194","1861",0.52
"204","1860",0.09
"216","1859",0.1
"224","1858",0.17
"234","1857",0.63
"244","1856",0.36
"254","1855",-0.02
"264","1854",0.04
"274","1853",0.12
"284","1852",0.19
"293","1851",0.3
"303","1850",0.69
"313","1849",0.7
"323","1848",0.9
"333","1847",0.3
"343","1846",0.83
"118","1845",0.56
"217","1844",0.1
"38","1843",0.51
"44","1842",0.54
"55","1841",0.43
"65","1840",0.9
"75","1839",0.71
"85","1838",0.09
"95","1837",0.71
"105","1836",0.63
"119","1835",-0.69
"125","1834",-0.4
"135","1833",-0.23
"145","1832",-0.26
"155","1831",-0.47
"165","1830",-0.51
"175","1829",-0.49
"185","1828",-0.24
"195","1827",-0.43
"205","1826",-0.35
"218","1825",-0.6
"225","1824",-0.21
"235","1823",-0.6
"245","1822",-0.14
"255","1821",0.33
"265","1820",0.05
"275","1819",-0.01
"285","1818",0.27
"294","1817",0.18
"304","1816",0.49
"314","1815",0.35
"324","1814",0.37
"334","1813",-0.07
"344","1812",-0.09
"120","1811",-0.28
"219","1810",0.08
"39","1809",0.55
"45","1808",0.45
"56","1807",0.65
"66","1806",0.65
"76","1805",-0.07
"86","1804",0.46
"96","1803",0.7
"106","1802",0.45
"1110","1801",0.62
"126","1800",1.04
"136","1799",0.74
"146","1798",0.95
"156","1797",0.85
"166","1796",0.5
"176","1795",1.18
"186","1794",1.13
"196","1793",1.4
"206","1792",1.39
"2110","1791",1.1
"226","1790",0.96
"236","1789",0.89
"246","1788",1.65
"256","1787",1.37
"266","1786",1.6
"276","1785",0.94
"286","1784",0.94
"295","1783",0.74
"305","1782",1.44
"315","1781",0.39
"325","1780",0.85
"335","1779",1.12
"345","1778",0.99
"127","1777",0.79
"220","1776",1.01
"310","1775",0.62
"46","1774",1.47
"57","1773",1.1
"67","1772",1.28
"77","1771",1.06
"87","1770",0.85
"97","1769",0.95
"107","1768",1.03
"1111","1767",1.31
"128","1766",1.38
"137","1765",1.66
"147","1764",1.79
"157","1763",1.79
"167","1762",1.36
"177","1761",0.93
"187","1760",0.53
"197","1759",0.88
"207","1758",1.01
"2111","1757",1.31
"227","1756",0.16
"237","1755",1.34
"247","1754",1.09
"257","1753",0.96
"267","1752",0.4
"277","1751",0.76
"287","1750",0.91
"296","1749",0.35
"306","1748",0.82
"316","1747",0.35
"326","1746",-0.06
"336","1745",1.05
"346","1744",0.75
"129","1743",0.43
"228","1742",-0.13
"317","1741",-0.23
"47","1740",-0.15
"58","1739",0.5
"68","1738",0.29
"78","1737",0.22
"88","1736",0.35
"98","1735",-0.07
"108","1734",-0.03
"1112","1733",1.44
"1210","1732",1.21
"138","1731",1
"148","1730",0.54
"158","1729",0.75
"168","1728",0.29
"178","1727",0.39
"188","1726",0.29
"198","1725",0.48
"208","1724",-0.01
"2112","1723",0.93
"229","1722",0.14
"238","1721",0.06
"248","1720",0.19
"258","1719",-0.03
"268","1718",0.43
"278","1717",-0.08
"288","1716",0.09
"297","1715",-0.2
"307","1714",-0.7
"318","1713",-0.52
"327","1712",-0.22
"337","1711",-0.32
"347","1710",0.54
"130","1709",-0.49
"230","1708",-0.29
"319","1707",0.16
"48","1706",-0.34
"59","1705",-0.52
"69","1704",-0.53
"79","1703",-0.37
"89","1702",-0.43
"99","1701",-0.24
"109","1700",-0.13
"1113","1699",-0.47
"1211","1698",0.15
"139","1697",0.08
"149","1696",0.03
"159","1695",-0.45
"169","1694",-0.21
"179","1693",0.47
"189","1692",0.38
"199","1691",-0.06
"209","1690",-0.05
"2113","1689",-0.15
"2210","1688",-0.05
"239","1687",0.41
"249","1686",0.37
"259","1685",-0.07
"269","1684",0.04
"279","1683",0.46
"289","1682",0.17
"298","1681",0.53
"308","1680",0.52
"3110","1679",0.28
"328","1678",0.68
"338","1677",1.02
"348","1676",0.27
"140","1675",0.61
"240","1674",0.46
"320","1673",0.39
"49","1672",0.64
"510","1671",0.37
"610","1670",0.18
"710","1669",-0.1
"810","1668",0.32
"910","1667",-0.29
"1010","1666",0.02
"1114","1665",0.64
"1212","1664",-0.01
"1310","1663",-0.21
"1410","1662",-0.01
"1510","1661",-0.58
"1610","1660",0.01
"1710","1659",-0.01
"1810","1658",-0.03
"1910","1657",-0.09
"2010","1656",-0.03
"2114","1655",-0.52
"2211","1654",-0.24
"2310","1653",-0.35
"2410","1652",-0.48
"2510","1651",-0.47
"2610","1650",-0.66
"2710","1649",-0.57
"2810","1648",-0.59
"299","1647",-0.72
"309","1646",-0.81
"3111","1645",-0.63
"329","1644",-0.38
"339","1643",-0.45
"349","1642",-0.51
"150","1641",NA
"250","1640",-0.83
"330","1639",0.62
"410","1638",-0.59
"511","1637",-0.71
"611","1636",-0.79
"711","1635",-0.9
"811","1634",0.09
"911","1633",-0.4
"1011","1632",-0.55
"1115","1631",-0.28
"1213","1630",0.27
"1311","1629",-0.16
"1411","1628",0.11
"1511","1627",-0.1
"1611","1626",0.07
"1711","1625",-0.4
"1811","1624",0.23
"1911","1623",-0.02
"2011","1622",-0.36
"2115","1621",0.66
"2212","1620",-0.12
"2311","1619",1.68
"2411","1618",0.02
"2511","1617",0.97
"2611","1616",0.35
"2711","1615",2.99
"2811","1614",2.89
"2910","1613",1.34
"3010","1612",1.27
"3112","1611",2.37
"3210","1610",1.88
"3310","1609",3.22
"3410","1608",1.9
"160","1607",2.67
"260","1606",1.48
"340","1605",1.53
"411","1604",2.31
"512","1603",1.48
"612","1602",1.83
"712","1601",1.03
"812","1600",0.95
"912","1599",0.39
"1012","1598",0.3
"1116","1597",0.46
"1214","1596",0.35
"1312","1595",0.92
"1412","1594",0.31
"1512","1593",-0.2
"1612","1592",0.54
"1712","1591",1.42
"1812","1590",1.37
"1912","1589",2.41
"2012","1588",2.62
"2116","1587",1
"2213","1586",1.07
"2312","1585",0.79
"2412","1584",1.09
"2512","1583",1.32
"2612","1582",2.08
"2712","1581",2.21
"2812","1580",1.07
"2911","1579",1.38
"3011","1578",1.93
"3113","1577",1.32
"3211","1576",0.58
"3311","1575",0.39
"3411","1574",0.25
"170","1573",0.23
"270","1572",-0.03
"350","1571",0.22
"412","1570",0.68
"513","1569",-0.16
"613","1568",-0.07
"713","1567",0.4
"813","1566",1.17
"913","1565",0.6
"1013","1564",0.78
"1117","1563",1.55
"1215","1562",0.71
"1313","1561",2.16
"1413","1560",1.65
"1513","1559",1.33
"1613","1558",0.97
"1713","1557",1.16
"1813","1556",0.48
"1913","1555",0.78
"2013","1554",0.68
"2117","1553",0.58
"2214","1552",0.45
"2313","1551",0.7
"2413","1550",0.65
"2513","1549",1.07
"2613","1548",0.61
"2713","1547",0.69
"2813","1546",0.85
"2912","1545",0.78
"3012","1544",1.48
"3114","1543",2.75
"3212","1542",1.2
"3312","1541",0.35
"3412","1540",1.32
"180","1539",1.07
"280","1538",1.41
"351","1537",1.07
"413","1536",0.44
"514","1535",1.06
"614","1534",1.53
"714","1533",0.86
"814","1532",1.04
"914","1531",0.58
"1014","1530",1.27
"1118","1529",0.92
"1216","1528",0.7
"1314","1527",1.09
"1414","1526",0.93
"1514","1525",1
"1614","1524",1.3
"1714","1523",0.72
"1814","1522",0.93
"1914","1521",0.95
"2014","1520",0.84
"2118","1519",0.83
"2215","1518",-0.08
"2314","1517",0.61
"2414","1516",0.59
"2514","1515",0.43
"2614","1514",0.9
"2714","1513",0.59
"2814","1512",0.48
"2913","1511",0.84
"3013","1510",1.06
"3115","1509",1.15
"3213","1508",0.7
"3313","1507",1.53
"3413","1506",0.92
"190","1505",1.78
"290","1504",1.26
"352","1503",1.57
"414","1502",1.64
"515","1501",1.43
"615","1500",1.12
"715","1499",1.56
"815","1498",1.88
"915","1497",1.4
"1015","1496",0.69
"1119","1495",0.8
"1217","1494",0.83
"1315","1493",0.95
"1415","1492",0.34
"1515","1491",0.38
"1615","1490",0.58
"1715","1489",0.77
"1815","1488",0.62
"1915","1487",0.48
"2015","1486",0.9
"2119","1485",0.32
"2216","1484",0.93
"2315","1483",0.59
"2415","1482",0.53
"2515","1481",0.76
"2615","1480",1.43
"2715","1479",1.19
"2815","1478",0.92
"2914","1477",1.28
"3014","1476",0.66
"3116","1475",0.58
"3214","1474",0.25
"3314","1473",0.43
"3414","1472",0.25
"1100","1471",-0.15
"2100","1470",0.49
"353","1469",0.33
"415","1468",0.56
"516","1467",0.94
"616","1466",0.82
"716","1465",1.15
"816","1464",-0.07
"916","1463",1.34
"1016","1462",0.64
"1120","1461",0.73
"1218","1460",1.1
"1316","1459",0.55
"1416","1458",0.12
"1516","1457",0.29
"1616","1456",0.32
"1716","1455",0.14
"1816","1454",0.77
"1916","1453",0.97
"2016","1452",1.84
"2120","1451",1.2
"2217","1450",0.78
"2316","1449",-0.07
"2416","1448",1.08
"2516","1447",0.63
"2616","1446",0.46
"2716","1445",0.25
"2816","1444",0.49
"2915","1443",0.55
"3015","1442",0.33
"3117","1441",0.11
"3215","1440",0.27
"3315","1439",-0.05
"3415","1438",0.82
"1101","1437",NA
"2101","1436",0.17
"354","1435",1.03
"416","1434",0.22
"517","1433",-0.65
"617","1432",-0.16
"717","1431",-0.43
"817","1430",-0.05
"917","1429",-0.54
"1017","1428",0.44
"1121","1427",0.38
"1219","1426",0
"1317","1425",-0.16
"1417","1424",-0.59
"1517","1423",-0.26
"1617","1422",-0.27
"1717","1421",-0.37
"1817","1420",-0.36
"1917","1419",-0.42
"2017","1418",-0.63
"2121","1417",-0.5
"2218","1416",-0.14
"2317","1415",-0.58
"2417","1414",-0.38
"2517","1413",-0.56
"2617","1412",-0.57
"2717","1411",-0.06
"2817","1410",-0.37
"2916","1409",-0.58
"3016","1408",-0.76
"3118","1407",-0.8
"3216","1406",-0.59
"3316","1405",-0.26
"3416","1404",-0.3
"1102","1403",-0.49
"2102","1402",-0.32
"355","1401",-0.39
"417","1400",-0.28
"518","1399",-0.25
"618","1398",-0.62
"718","1397",-0.2
"818","1396",-0.07
"918","1395",-0.43
"1018","1394",-0.37
"1122","1393",-0.54
"1220","1392",-0.87
"1318","1391",-0.58
"1418","1390",-0.76
"1518","1389",-0.63
"1618","1388",-0.49
"1718","1387",-0.9
"1818","1386",-0.86
"1918","1385",-0.62
"2018","1384",-0.35
"2122","1383",-0.38
"2219","1382",-0.63
"2318","1381",-0.7
"2418","1380",-0.4
"2518","1379",-0.52
"2618","1378",-0.54
"2718","1377",-0.33
"2818","1376",-0.61
"2917","1375",-0.62
"3017","1374",-0.86
"3119","1373",-0.9
"3217","1372",-0.73
"3317","1371",-0.9
"3417","1370",-0.56
"1103","1369",-0.45
"2103","1368",-0.39
"356","1367",-0.36
"418","1366",-0.49
"519","1365",-0.38
"619","1364",-0.3
"719","1363",-0.24
"819","1362",-0.68
"919","1361",-0.46
"1019","1360",-0.56
"1123","1359",-0.16
"1221","1358",-0.13
"1319","1357",-0.16
"1419","1356",-0.6
"1519","1355",-0.7
"1619","1354",-0.83
"1719","1353",-0.47
"1819","1352",-0.26
"1919","1351",-0.48
"2019","1350",-0.62
"2123","1349",-1.08
"2220","1348",-0.99
"2319","1347",-0.49
"2419","1346",-0.41
"2519","1345",-0.43
"2619","1344",-0.52
"2719","1343",-0.4
"2819","1342",0.01
"2918","1341",-0.21
"3018","1340",-0.48
"3120","1339",-0.3
"3218","1338",-0.66
"3318","1337",-0.59
"3418","1336",-0.49
"1104","1335",-0.89
"2104","1334",-1
"357","1333",-0.7
"419","1332",-0.67
"520","1331",-0.81
"620","1330",-0.97
"720","1329",-1.1
"820","1328",-1.03
"920","1327",-1.13
"1020","1326",-1.11
"1124","1325",-1.14
"1222","1324",-0.92
"1320","1323",-1.03
"1420","1322",-0.92
"1520","1321",-0.79
"1620","1320",-0.97
"1720","1319",-1.06
"1820","1318",-1.09
"1920","1317",-1.15
"2020","1316",-1.12
"2124","1315",-1.26
"2221","1314",-1.15
"2320","1313",-1.09
"2420","1312",-1.12
"2520","1311",-1.17
"2620","1310",-1.29
"2720","1309",-1.17
"2820","1308",-1.03
"2919","1307",-1.16
"3019","1306",-1.06
"3121","1305",-1.06
"3219","1304",-1.07
"3319","1303",-1.1
"3419","1302",-1.2
"1105","1301",-1.05
"2105","1300",-1.17
"358","1299",-1.12
"420","1298",-1
"521","1297",-0.99
"621","1296",-1.05
"721","1295",-1.06
"821","1294",-1.12
"921","1293",-0.9
"1021","1292",-0.99
"1125","1291",-1.24
"1223","1290",-1.13
"1321","1289",-1
"1421","1288",-1.33
"1521","1287",-1.23
"1621","1286",-1.04
"1721","1285",-1.24
"1821","1284",-1.29
"1921","1283",-1.18
"2021","1282",-1.06
"2125","1281",-1.17
"2222","1280",-1.29
"2321","1279",-1
"2421","1278",-1.15
"2521","1277",-1.23
"2621","1276",-1.15
"2721","1275",-1.13
"2821","1274",-1.27
"2920","1273",-1.4
"3020","1272",-1.42
"3122","1271",-1.35
"3220","1270",-1.26
"3320","1269",-1.37
"3420","1268",-1.23
"1106","1267",-1.26
"2106","1266",-1.36
"359","1265",-1.33
"421","1264",-1.19
"522","1263",-1.23
"622","1262",-1.31
"722","1261",-1.29
"822","1260",-1.38
"922","1259",-1.23
"1022","1258",-1.16
"1126","1257",-1.18
"1224","1256",-1.15
"1322","1255",-1.23
"1422","1254",-1.16
"1522","1253",-1.22
"1622","1252",-1.31
"1722","1251",-1.35
"1822","1250",-1.33
"1922","1249",-1.24
"2022","1248",-1.33
"2126","1247",-1.38
"2223","1246",-1.37
"2322","1245",-1.48
"2422","1244",-1.48
"2522","1243",-1.31
"2622","1242",-1.14
"2722","1241",-0.99
"2822","1240",-1.09
"2921","1239",-1.07
"3021","1238",-1.06
"3123","1237",-1.17
"3221","1236",-1.01
"3321","1235",-1.02
"3421","1234",-0.97
"1107","1233",-0.85
"2107","1232",-0.86
"360","1231",-0.86
"422","1230",-0.72
"523","1229",-0.53
"623","1228",-0.85
"723","1227",-1.06
"823","1226",-1.09
"923","1225",-0.84
"1023","1224",-1
"1127","1223",-1
"1225","1222",-0.93
"1323","1221",-1.22
"1423","1220",-1.09
"1523","1219",-1.08
"1623","1218",-1.2
"1723","1217",-1.04
"1823","1216",-1.09
"1923","1215",-1.06
"2023","1214",-1.08
"2127","1213",-1.31
"2224","1212",-1.35
"2323","1211",-1.14
"2423","1210",-0.94
"2523","1209",-1.11
"2623","1208",-1.05
"2723","1207",-1.01
"2823","1206",-1.13
"2922","1205",-1.03
"3022","1204",-1.16
"3124","1203",-1.09
"3222","1202",-1
"3322","1201",-0.95
"3422","1200",-1.15
"1108","1199",-1.15
"2108","1198",-1.14
"361","1197",-1.12
"423","1196",-1.08
"524","1195",-1.19
"624","1194",-1.11
"724","1193",-1.24
"824","1192",-1.27
"924","1191",-1.19
"1024","1190",-1.15
"1128","1189",-1.16
"1226","1188",-1.24
"1324","1187",-1.13
"1424","1186",-1.14
"1524","1185",-1.29
"1624","1184",-1.08
"1724","1183",-1
"1824","1182",-1.14
"1924","1181",-0.94
"2024","1180",-1.22
"2128","1179",-1.26
"2225","1178",-1.06
"2324","1177",-1.06
"2424","1176",-1.03
"2524","1175",-1.15
"2624","1174",-1.19
"2724","1173",-1.16
"2824","1172",-1.1
"2923","1171",-1.05
"3023","1170",-0.84
"3125","1169",-0.98
"3223","1168",-1.03
"3323","1167",-0.98
"3423","1166",-1.08
"1109","1165",-0.97
"2109","1164",-0.93
"362","1163",-1
"424","1162",-0.78
"525","1161",-0.87
"625","1160",-1.04
"725","1159",-1.01
"825","1158",-0.86
"925","1157",-0.5
"1025","1156",-0.98
"1129","1155",-0.92
"1227","1154",-0.75
"1325","1153",-0.73
"1425","1152",-0.89
"1525","1151",-0.87
"1625","1150",-0.9
"1725","1149",-0.78
"1825","1148",-1.08
"1925","1147",-0.87
"2025","1146",-0.82
"2129","1145",-1.04
"2226","1144",-0.81
"2325","1143",-0.9
"2425","1142",-1.1
"2525","1141",-1.21
"2625","1140",-0.91
"2725","1139",-0.87
"2825","1138",-0.82
"2924","1137",-0.87
"3024","1136",-0.82
"3126","1135",-0.99
"3224","1134",-0.78
"3324","1133",-0.59
"3424","1132",-0.74
"1130","1131",-0.81
"2130","1130",-0.71
"363","1129",-0.59
"425","1128",-0.63
"526","1127",-0.69
"626","1126",-0.64
"726","1125",-0.76
"826","1124",-0.8
"926","1123",-0.77
"1026","1122",-0.61
"1131","1121",-0.27
"1228","1120",-0.4
"1326","1119",-0.69
"1426","1118",-0.71
"1526","1117",-0.83
"1626","1116",-0.91
"1726","1115",-0.66
"1826","1114",-0.69
"1926","1113",-0.59
"2026","1112",-0.7
"2131","1111",-0.69
"2227","1110",-0.16
"2326","1109",-0.38
"2426","1108",-0.24
"2526","1107",-0.28
"2626","1106",-0.37
"2726","1105",-0.58
"2826","1104",-0.78
"2925","1103",-0.62
"3025","1102",-0.65
"3127","1101",-0.75
"3225","1100",-0.29
"3325","1099",-0.6
"3425","1098",-0.5
"1132","1097",NA
"2132","1096",-0.58
"364","1095",-0.49
"426","1094",-0.73
"527","1093",-0.69
"627","1092",-0.68
"727","1091",-0.87
"827","1090",-0.86
"927","1089",-0.66
"1027","1088",-0.54
"1133","1087",-0.55
"1229","1086",-0.5
"1327","1085",-0.37
"1427","1084",-0.35
"1527","1083",-0.57
"1627","1082",-0.07
"1727","1081",-0.27
"1827","1080",0.27
"1927","1079",-0.44
"2027","1078",0.12
"2133","1077",0.05
"2228","1076",0.79
"2327","1075",0.28
"2427","1074",0.56
"2527","1073",-0.38
"2627","1072",-0.31
"2727","1071",-0.3
"2827","1070",-0.34
"2926","1069",0.07
"3026","1068",-0.27
"3128","1067",-0.02
"3226","1066",-0.23
"3326","1065",-0.39
"3426","1064",-0.45
"1134","1063",-0.16
"2134","1062",-0.2
"365","1061",-0.63
"427","1060",-0.38
"528","1059",0.05
"628","1058",0.01
"728","1057",0.01
"828","1056",-0.22
"928","1055",-0.13
"1028","1054",-0.03
"1135","1053",0.29
"1230","1052",0.15
"1328","1051",0.38
"1428","1050",-0.24
"1528","1049",0.23
"1628","1048",0.1
"1728","1047",-0.05
"1828","1046",0.36
"1928","1045",0.46
"2028","1044",0.03
"2135","1043",-0.54
"2229","1042",0.34
"2328","1041",0.17
"2428","1040",0.06
"2528","1039",0.38
"2628","1038",-0.05
"2728","1037",0.14
"2828","1036",-0.41
"2927","1035",0.53
"3027","1034",0.11
"3129","1033",-0.19
"3227","1032",-0.07
"3327","1031",-0.04
"3427","1030",-0.76
"1136","1029",-0.71
"2136","1028",-0.72
"366","1027",-0.6
"428","1026",-0.73
"529","1025",-0.65
"629","1024",-0.59
"729","1023",-0.94
"829","1022",-0.95
"929","1021",-0.84
"1029","1020",-1.09
"1137","1019",-0.8
"1231","1018",-0.66
"1329","1017",-0.48
"1429","1016",-0.92
"1529","1015",-0.93
"1629","1014",-0.84
"1729","1013",-0.75
"1829","1012",-0.91
"1929","1011",-0.83
"2029","1010",-0.82
"2137","1009",-0.87
"2230","1008",-0.52
"2329","1007",-0.67
"2429","1006",-0.86
"2529","1005",-0.9
"2629","1004",-0.67
"2729","1003",-1.05
"2829","1002",-0.81
"2928","1001",-0.82
"3028","1000",-0.88
"3130","999",-0.55
"3228","998",-0.59
"3328","997",-0.53
"3428","996",-0.87
"1138","995",-0.72
"2138","994",-0.84
"367","993",-0.39
"429","992",-0.53
"530","991",-0.32
"630","990",-0.41
"730","989",-0.83
"830","988",-0.37
"930","987",-0.48
"1030","986",-0.55
"1139","985",-0.38
"1232","984",0.17
"1330","983",-0.08
"1430","982",-0.36
"1530","981",-0.15
"1630","980",-0.43
"1730","979",-0.34
"1830","978",-0.7
"1930","977",-0.27
"2030","976",-0.18
"2139","975",-0.39
"2231","974",-0.26
"2330","973",-0.21
"2430","972",0.07
"2530","971",0.09
"2630","970",0.04
"2730","969",-0.17
"2830","968",-0.12
"2929","967",-0.47
"3029","966",-0.79
"3131","965",-0.6
"3229","964",-0.58
"3329","963",-0.59
"3429","962",-0.18
"1140","961",-0.57
"2140","960",-0.31
"368","959",-0.56
"430","958",-0.42
"531","957",-0.57
"631","956",-0.61
"731","955",-0.58
"831","954",-0.76
"931","953",-0.9
"1031","952",-0.66
"1141","951",-0.58
"1233","950",-0.43
"1331","949",-0.73
"1431","948",-0.67
"1531","947",-0.51
"1631","946",-0.53
"1731","945",-0.46
"1831","944",-0.5
"1931","943",-0.35
"2031","942",-0.6
"2141","941",-0.84
"2232","940",-0.67
"2331","939",-0.55
"2431","938",-0.37
"2531","937",-0.62
"2631","936",-0.71
"2731","935",-0.53
"2831","934",-0.52
"2930","933",-0.37
"3030","932",-0.42
"3132","931",-0.57
"3230","930",-0.61
"3330","929",-0.55
"3430","928",-0.43
"1142","927",-0.51
"2142","926",-0.13
"369","925",0.05
"431","924",-0.29
"532","923",-0.57
"632","922",-0.36
"732","921",0.09
"832","920",-0.24
"932","919",-0.49
"1032","918",-0.48
"1143","917",-0.64
"1234","916",-0.37
"1332","915",-0.62
"1432","914",-0.52
"1532","913",-0.4
"1632","912",0.31
"1732","911",0.48
"1832","910",0.14
"1932","909",0.07
"2032","908",0.41
"2143","907",-0.12
"2233","906",-0.1
"2332","905",0.26
"2432","904",0.27
"2532","903",-0.16
"2632","902",0.2
"2732","901",0.45
"2832","900",-0.07
"2931","899",0.37
"3031","898",0.26
"3133","897",-0.21
"3231","896",-0.26
"3331","895",0.64
"3431","894",0.41
"1144","893",0.29
"2144","892",0.29
"370","891",0.25
"432","890",0.24
"533","889",0.36
"633","888",0.39
"733","887",0.19
"833","886",0.59
"933","885",0.57
"1033","884",0.37
"1145","883",-0.1
"1235","882",0.18
"1333","881",0.84
"1433","880",0.55
"1533","879",0.23
"1633","878",0.2
"1733","877",0.4
"1833","876",0.15
"1933","875",-0.08
"2033","874",0.28
"2145","873",0.22
"2234","872",0.66
"2333","871",0.13
"2433","870",0.59
"2533","869",0.81
"2633","868",0.33
"2733","867",0.31
"2833","866",0.16
"2932","865",-0.03
"3032","864",-0.05
"3134","863",0.19
"3232","862",-0.01
"3332","861",-0.16
"3432","860",0.19
"1146","859",-0.12
"2146","858",-0.12
"371","857",0.02
"433","856",0.16
"534","855",0.16
"634","854",0.15
"734","853",0.02
"834","852",0.37
"934","851",0.5
"1034","850",0.38
"1147","849",0.42
"1236","848",0.5
"1334","847",0.69
"1434","846",0.05
"1534","845",0.24
"1634","844",0.62
"1734","843",0.38
"1834","842",0.09
"1934","841",0.33
"2034","840",0.19
"2147","839",-0.07
"2235","838",-0.19
"2334","837",-0.25
"2434","836",-0.01
"2534","835",0.24
"2634","834",0.18
"2734","833",0.13
"2834","832",0.07
"2933","831",0
"3033","830",-0.12
"3135","829",0.12
"3233","828",-0.04
"3333","827",-0.08
"3433","826",0.2
"1148","825",-0.02
"2148","824",0.28
"372","823",0.11
"434","822",0.31
"535","821",0.23
"635","820",0.71
"735","819",0.25
"835","818",0.39
"935","817",0.81
"1035","816",0.4
"1149","815",0.4
"1237","814",0.55
"1335","813",0.37
"1435","812",0.25
"1535","811",0.23
"1635","810",0.42
"1735","809",0.57
"1835","808",0.68
"1935","807",0.3
"2035","806",0.79
"2149","805",0.58
"2236","804",0.4
"2335","803",0.46
"2435","802",0.6
"2535","801",0.65
"2635","800",0.39
"2735","799",0.42
"2835","798",0.44
"2934","797",0.25
"3034","796",-0.1
"3136","795",0.05
"3234","794",0.29
"3334","793",-0.08
"3434","792",-0.04
"1150","791",0.3
"2150","790",-0.04
"373","789",0.2
"435","788",0.03
"536","787",0.16
"636","786",-0.08
"736","785",-0.05
"836","784",0.23
"936","783",-0.3
"1036","782",-0.03
"1151","781",-0.35
"1238","780",-0.27
"1336","779",-0.28
"1436","778",-0.62
"1536","777",-0.43
"1636","776",-0.29
"1736","775",-0.66
"1836","774",-0.43
"1936","773",-0.13
"2036","772",-0.46
"2151","771",-0.9
"2237","770",-0.41
"2336","769",-0.74
"2436","768",-0.72
"2536","767",-0.75
"2636","766",-0.52
"2736","765",-0.63
"2836","764",-0.13
"2935","763",-0.23
"3035","762",-0.08
"3137","761",-0.15
"3235","760",-0.25
"3335","759",-0.23
"3435","758",-0.15
"1152","757",-0.39
"2152","756",-0.37
"374","755",-0.57
"436","754",-0.38
"537","753",-0.12
"637","752",-0.21
"737","751",-0.35
"837","750",-0.39
"937","749",-0.25
"1037","748",-0.39
"1153","747",-0.16
"1239","746",-0.05
"1337","745",-0.03
"1437","744",-0.24
"1537","743",0
"1637","742",0.08
"1737","741",0.14
"1837","740",0.32
"1937","739",-0.37
"2037","738",-0.03
"2153","737",-0.09
"2238","736",-0.26
"2337","735",-0.21
"2437","734",0.08
"2537","733",0.21
"2637","732",0.08
"2737","731",-0.1
"2837","730",-0.22
"2936","729",0.03
"3036","728",0.22
"3138","727",0.47
"3236","726",-0.2
"3336","725",0.5
"3436","724",0.34
"1154","723",0.54
"2154","722",0.37
"375","721",0.41
"437","720",0.19
"538","719",0.21
"638","718",0.15
"738","717",0.23
"838","716",0.14
"938","715",0.32
"1038","714",0.16
"1155","713",0.39
"1240","712",0.33
"1338","711",0.18
"1438","710",0.5
"1538","709",0.61
"1638","708",0.61
"1738","707",0.65
"1838","706",1.08
"1938","705",1.28
"2038","704",0.92
"2155","703",0.81
"2239","702",0.98
"2338","701",0.86
"2438","700",0.84
"2538","699",0.7
"2638","698",1.44
"2738","697",1.3
"2838","696",1.9
"2937","695",1.46
"3037","694",1.9
"3139","693",1.62
"3237","692",1.89
"3337","691",2
"3437","690",2.03
"1156","689",2.4
"2156","688",2.7
"376","687",2.21
"438","686",3.15
"539","685",2.22
"639","684",1.61
"739","683",2.36
"839","682",0.45
"939","681",1.29
"1039","680",0.97
"1157","679",1.91
"1241","678",1.59
"1339","677",1.67
"1439","676",1.83
"1539","675",1.42
"1639","674",1.06
"1739","673",1.33
"1839","672",0.73
"1939","671",0.98
"2039","670",0.86
"2157","669",1.74
"2240","668",0.67
"2339","667",0.32
"2439","666",1.32
"2539","665",0.65
"2639","664",0.72
"2739","663",0.59
"2839","662",0.41
"2938","661",0.28
"3038","660",0.49
"3140","659",0.66
"3238","658",0.51
"3338","657",0.44
"3438","656",0.65
"1158","655",0.38
"2158","654",0.33
"377","653",-0.07
"439","652",0.28
"540","651",0.47
"640","650",0.21
"740","649",0.4
"840","648",0.43
"940","647",0.59
"1040","646",1.52
"1159","645",0.93
"1242","644",1.07
"1340","643",0.43
"1440","642",0.55
"1540","641",0.68
"1640","640",0.67
"1740","639",1.01
"1840","638",0.64
"1940","637",0.74
"2040","636",0.74
"2159","635",0.83
"2241","634",1.03
"2340","633",0.88
"2440","632",0.61
"2540","631",0.75
"2640","630",0.27
"2740","629",1.52
"2840","628",0.84
"2939","627",0.19
"3039","626",0.94
"3141","625",0.22
"3239","624",0.93
"3339","623",1.07
"3439","622",0.96
"1160","621",0.99
"2160","620",1.28
"378","619",1.41
"440","618",1.44
"541","617",1.68
"641","616",1.02
"741","615",0.77
"841","614",0.89
"941","613",0.98
"1041","612",1.11
"1161","611",0.82
"1243","610",0.67
"1341","609",0.23
"1441","608",1.18
"1541","607",0.62
"1641","606",0.9
"1741","605",0.49
"1841","604",0.39
"1941","603",0.45
"2041","602",0.22
"2161","601",0.39
"2242","600",0.37
"2341","599",0.26
"2441","598",-0.05
"2541","597",0.16
"2641","596",0.02
"2741","595",-0.04
"2841","594",0.02
"2940","593",0.13
"3040","592",0.01
"3142","591",0.73
"3240","590",0.12
"3340","589",-0.67
"3440","588",0.02
"1162","587",-0.45
"2162","586",-0.18
"379","585",-0.24
"441","584",-0.61
"542","583",-0.4
"642","582",-0.55
"742","581",-0.55
"842","580",-0.48
"942","579",-0.4
"1042","578",-0.54
"1163","577",-0.58
"1244","576",-0.6
"1342","575",-0.49
"1442","574",-0.58
"1542","573",-0.67
"1642","572",-0.81
"1742","571",-0.76
"1842","570",-0.8
"1942","569",-0.46
"2042","568",-0.8
"2163","567",-0.79
"2243","566",-0.73
"2342","565",-0.6
"2442","564",-0.37
"2542","563",-0.62
"2642","562",-0.37
"2742","561",-0.29
"2842","560",-0.56
"2941","559",-0.6
"3041","558",-0.5
"3143","557",-0.51
"3241","556",-0.68
"3341","555",-0.61
"3441","554",-0.68
"1164","553",-0.43
"2164","552",-0.69
"380","551",-0.82
"442","550",-0.81
"543","549",-0.77
"643","548",-0.73
"743","547",-0.58
"843","546",-0.67
"943","545",-0.62
"1043","544",-0.72
"1165","543",-0.72
"1245","542",-0.85
"1343","541",-0.65
"1443","540",-0.86
"1543","539",-0.92
"1643","538",-0.93
"1743","537",-0.7
"1843","536",-0.81
"1943","535",-0.96
"2043","534",-0.96
"2165","533",-1.01
"2244","532",-0.98
"2343","531",-0.98
"2443","530",-0.61
"2543","529",-0.7
"2643","528",-0.53
"2743","527",-0.75
"2843","526",-0.82
"2942","525",-0.84
"3042","524",-0.85
"3144","523",-0.75
"3242","522",-0.92
"3342","521",-0.64
"3442","520",-0.81
"1166","519",-1
"2166","518",-0.57
"381","517",-0.68
"443","516",-0.53
"544","515",-0.6
"644","514",-0.75
"744","513",-0.85
"844","512",-0.62
"944","511",-0.71
"1044","510",-0.7
"1167","509",-0.9
"1246","508",-0.78
"1344","507",-0.88
"1444","506",-0.94
"1544","505",-0.96
"1644","504",-1.12
"1744","503",-0.87
"1844","502",-1.01
"1944","501",-0.94
"2044","500",-0.85
"2167","499",-0.81
"2245","498",-0.75
"2344","497",-0.84
"2444","496",-0.82
"2544","495",-0.78
"2644","494",-0.47
"2744","493",-0.58
"2844","492",-0.62
"2943","491",-0.66
"3043","490",-0.84
"3145","489",-0.98
"3243","488",-0.89
"3343","487",-0.72
"3443","486",-0.45
"1168","485",-0.37
"2168","484",-0.55
"382","483",-0.44
"444","482",-0.53
"545","481",-0.28
"645","480",-0.17
"745","479",-0.22
"845","478",-0.09
"945","477",-0.15
"1045","476",0.21
"1169","475",0.44
"1247","474",0.31
"1345","473",0.18
"1445","472",0.74
"1545","471",0.11
"1645","470",0.09
"1745","469",0.18
"1845","468",0
"1945","467",0.01
"2045","466",-0.33
"2169","465",-0.2
"2246","464",-0.08
"2345","463",-0.25
"2445","462",-0.41
"2545","461",-0.62
"2645","460",-0.67
"2745","459",-0.28
"2845","458",-0.3
"2944","457",-0.39
"3044","456",-0.37
"3146","455",-0.49
"3244","454",-0.51
"3344","453",-0.13
"3444","452",-0.19
"1170","451",-0.04
"2170","450",-0.31
"383","449",-0.25
"445","448",0
"546","447",0.02
"646","446",0.13
"746","445",0.04
"846","444",0.28
"946","443",0.24
"1046","442",0.66
"1171","441",0.19
"1248","440",0.32
"1346","439",0
"1446","438",-0.26
"1546","437",-0.1
"1646","436",-0.09
"1746","435",0.07
"1846","434",-0.4
"1946","433",-0.13
"2046","432",-0.43
"2171","431",-0.5
"2247","430",-0.63
"2346","429",-0.61
"2446","428",-0.67
"2546","427",-0.58
"2646","426",-0.64
"2746","425",-0.68
"2846","424",-0.62
"2945","423",-0.68
"3045","422",-0.78
"3147","421",-0.84
"3245","420",-0.93
"3345","419",-0.99
"3445","418",-0.8
"1172","417",-1.06
"2172","416",-1.17
"384","415",-1.04
"446","414",-0.96
"547","413",-0.95
"647","412",-1.04
"747","411",-0.93
"847","410",-0.93
"947","409",-0.92
"1047","408",-0.94
"1173","407",-0.88
"1249","406",-0.82
"1347","405",-0.82
"1447","404",-0.81
"1547","403",-0.93
"1647","402",-0.96
"1747","401",-0.59
"1847","400",-0.46
"1947","399",-0.59
"2047","398",-0.51
"2173","397",-0.46
"2248","396",-0.07
"2347","395",-0.41
"2447","394",-0.26
"2547","393",-0.26
"2647","392",-0.42
"2747","391",-0.51
"2847","390",-0.36
"2946","389",-0.55
"3046","388",-0.44
"3148","387",-0.44
"3246","386",-0.61
"3346","385",-0.61
"3446","384",-0.58
"1174","383",-0.51
"2174","382",-0.55
"385","381",-0.41
"447","380",-0.45
"548","379",-0.59
"648","378",-0.6
"748","377",-0.66
"848","376",-0.73
"948","375",-0.78
"1048","374",-0.74
"1175","373",-0.66
"1250","372",-0.62
"1348","371",-0.51
"1448","370",-0.31
"1548","369",-0.49
"1648","368",-0.29
"1748","367",-0.53
"1848","366",-0.35
"1948","365",-0.35
"2048","364",-0.49
"2175","363",-0.52
"2249","362",-0.49
"2348","361",-0.52
"2448","360",-0.45
"2548","359",-0.39
"2648","358",-0.75
"2748","357",-0.84
"2848","356",-1.07
"2947","355",-0.88
"3047","354",-0.88
"3149","353",-0.93
"3247","352",-1.04
"3347","351",-1.04
"3447","350",-1.01
"1176","349",-0.94
"2176","348",-0.91
"386","347",-0.84
"448","346",-0.66
"549","345",-0.81
"649","344",-1.03
"749","343",-0.84
"849","342",-0.84
"949","341",-0.89
"1049","340",-0.82
"1177","339",-0.71
"1251","338",-0.7
"1349","337",-0.66
"1449","336",-0.79
"1549","335",-0.76
"1649","334",-0.86
"1749","333",-0.87
"1849","332",-0.78
"1949","331",-0.76
"2049","330",-0.93
"2177","329",-0.94
"2250","328",-1.02
"2349","327",-0.84
"2449","326",-1.05
"2549","325",-0.99
"2649","324",-1.01
"2749","323",-0.88
"2849","322",-0.93
"2948","321",-0.84
"3048","320",-0.96
"3150","319",-0.82
"3248","318",-0.66
"3348","317",-0.74
"3448","316",-0.71
"1178","315",-0.8
"2178","314",-0.78
"387","313",-0.86
"449","312",-0.92
"550","311",-0.89
"650","310",-0.93
"750","309",-1.07
"850","308",-1.19
"950","307",-1.08
"1050","306",-1.09
"1179","305",-1.09
"1252","304",-1.08
"1350","303",-1.15
"1450","302",-1.05
"1550","301",-1.15
"1650","300",-0.99
"1750","299",-1.02
"1850","298",-0.96
"1950","297",-0.98
"2050","296",-0.84
"2179","295",-0.98
"2251","294",-0.9
"2350","293",-0.88
"2450","292",-0.8
"2550","291",-0.84
"2650","290",-0.9
"2750","289",-0.7
"2850","288",-0.86
"2949","287",-0.79
"3049","286",-0.79
"3151","285",-0.87
"3249","284",-1
"3349","283",-0.86
"3449","282",-0.97
"1180","281",-0.73
"2180","280",-0.79
"388","279",-0.96
"450","278",-0.82
"551","277",-0.87
"651","276",-0.75
"751","275",-0.72
"851","274",-0.57
"951","273",-0.7
"1051","272",-0.69
"1181","271",-0.72
"1253","270",-0.57
"1351","269",-0.79
"1451","268",-0.7
"1551","267",-0.48
"1651","266",-0.52
"1751","265",-0.5
"1851","264",-0.72
"1951","263",-0.51
"2051","262",-0.52
"2181","261",-0.43
"2252","260",-0.67
"2351","259",-0.52
"2451","258",-0.71
"2551","257",-0.58
"2651","256",-0.47
"2751","255",-0.57
"2851","254",-0.62
"2950","253",-0.56
"3050","252",-0.58
"3152","251",-0.28
"3250","250",-0.45
"3350","249",-0.05
"3450","248",-0.47
"1182","247",-0.38
"2182","246",-0.19
"389","245",-0.13
"451","244",-0.3
"552","243",-0.17
"652","242",-0.34
"752","241",-0.11
"852","240",-0.16
"952","239",0.08
"1052","238",-0.25
"1183","237",-0.03
"1254","236",-0.18
"1352","235",-0.05
"1452","234",-0.17
"1552","233",0.02
"1652","232",0.09
"1752","231",-0.18
"1852","230",-0.13
"1952","229",0.03
"2052","228",-0.11
"2183","227",0.08
"2253","226",0.07
"2352","225",0.13
"2452","224",0.33
"2552","223",0
"2652","222",0.29
"2752","221",-0.12
"2852","220",-0.05
"2951","219",-0.12
"3051","218",0.14
"3153","217",-0.01
"3251","216",0.1
"3351","215",0.07
"3451","214",0.26
"1184","213",0.17
"2184","212",0.08
"390","211",-0.11
"452","210",-0.03
"553","209",-0.11
"653","208",0.13
"753","207",0.12
"853","206",0.51
"953","205",0.3
"1053","204",0.13
"1185","203",0.16
"1255","202",0.19
"1353","201",-0.01
"1453","200",0.04
"1553","199",-0.02
"1653","198",-0.11
"1753","197",-0.19
"1853","196",-0.33
"1953","195",-0.36
"2053","194",-0.18
"2185","193",0.06
"2254","192",-0.04
"2353","191",-0.09
"2453","190",-0.33
"2553","189",-0.06
"2653","188",-0.37
"2753","187",-0.14
"2853","186",-0.24
"2952","185",-0.15
"3052","184",-0.1
"3154","183",-0.26
"3252","182",-0.37
"3352","181",-0.18
"3452","180",-0.37
"1186","179",-0.22
"2186","178",-0.47
"391","177",-0.42
"453","176",-0.23
"554","175",-0.44
"654","174",-0.57
"754","173",-0.09
"854","172",-0.35
"954","171",-0.22
"1054","170",-0.59
"1187","169",-0.44
"1256","168",-0.32
"1354","167",-0.3
"1454","166",-0.33
"1554","165",-0.35
"1654","164",-0.29
"1754","163",-0.14
"1854","162",0.11
"1954","161",-0.13
"2054","160",-0.28
"2187","159",-0.24
"2255","158",-0.32
"2354","157",-0.52
"2454","156",-0.37
"2554","155",-0.41
"2654","154",-0.44
"2754","153",-0.11
"2854","152",-0.25
"2953","151",-0.11
"3053","150",-0.05
"3155","149",-0.02
"3253","148",-0.1
"3353","147",-0.17
"3453","146",-0.29
"1188","145",-0.22
"2188","144",-0.11
"392","143",-0.18
"454","142",-0.16
"555","141",-0.29
"655","140",-0.12
"755","139",0.01
"855","138",-0.29
"955","137",-0.29
"1055","136",-0.26
"1189","135",-0.45
"1257","134",-0.06
"1355","133",-0.02
"1455","132",-0.13
"1555","131",-0.14
"1655","130",-0.12
"1755","129",-0.07
"1855","128",-0.06
"1955","127",-0.33
"2055","126",-0.4
"2189","125",-0.24
"2256","124",-0.24
"2355","123",-0.3
"2455","122",-0.29
"2555","121",-0.28
"2655","120",-0.24
"2755","119",-0.24
"2855","118",-0.28
"2954","117",-0.39
"3054","116",-0.58
"3156","115",-0.36
"3254","114",-0.32
"3354","113",-0.68
"3454","112",-0.37
"1190","111",-0.49
"2190","110",-0.27
"393","109",-0.42
"455","108",-0.32
"556","107",-0.32
"656","106",-0.27
"756","105",-0.23
"856","104",-0.36
"956","103",-0.07
"1056","102",-0.15
"1191","101",0.05
"1258","100",0.1
"1356","99",-0.29
"1456","98",-0.23
"1556","97",0.04
"1656","96",-0.17
"1756","95",-0.45
"1856","94",-0.18
"1956","93",-0.06
"2056","92",-0.8
"2191","91",-0.35
"2257","90",-0.33
"2356","89",-0.23
"2456","88",-0.29
"2556","87",-0.14
"2656","86",-0.07
"2756","85",0.08
"2856","84",-0.16
"2955","83",-0.34
"3055","82",-0.12
"3157","81",-0.21
"3255","80",-0.39
"3355","79",-0.16
"3455","78",-0.56
"1192","77",0.08
"2192","76",0.17
"394","75",-0.21
"456","74",-0.25
"557","73",-0.23
"657","72",-0.06
"757","71",-0.19
"857","70",-0.27
"957","69",-0.25
"1057","68",-0.41
"1193","67",-0.21
"1259","66",-0.48
"1357","65",-0.59
"1457","64",-0.48
"1557","63",-0.4
"1657","62",-0.76
"1757","61",-0.6
"1857","60",-0.77
"1957","59",-0.61
"2057","58",-0.72
"2193","57",-0.89
"2258","56",-0.82
"2357","55",-0.98
"2457","54",-0.63
"2557","53",-0.7
"2657","52",-0.83
"2757","51",-0.61
"2857","50",-0.63
"2956","49",-0.76
"3056","48",-0.8
"3158","47",-0.66
"3256","46",-0.88
"3356","45",-0.82
"3456","44",-0.87
"1194","43",-0.85
"2194","42",-1.32
"395","41",-0.9
"457","40",-0.47
"558","39",-0.65
"658","38",-0.52
"758","37",-0.31
"858","36",0.33
"958","35",-0.52
"1058","34",-0.33
"1195","33",-0.23
"1260","32",-0.08
"1358","31",-0.33
"1458","30",-0.75
"1558","29",-0.62
"1658","28",-0.09
"1758","27",-0.91
"1858","26",-0.03
"1958","25",-0.16
"2058","24",-0.35
"2195","23",-0.25
"2259","22",-0.08
"2358","21",-0.38
"2458","20",-0.28
"2558","19",-0.12
"2658","18",-0.42
"2758","17",-0.15
"2858","16",-0.16
"2957","15",-0.43
"3057","14",-0.35
"3159","13",-0.01
"3257","12",-0.13
"3357","11",0.4
"3457","10",0.24
"1196","9",0.02
"2196","8",0.07
"396","7",0.47
"458","6",0.33
"559","5",0.23
"659","4",0.16
"759","3",-0.22
"859","2",-0.08
"959","1",-0.17
"1059","-1",-0.23
"1197","-2",0.01
"1261","-3",-0.05
"1359","-4",-0.1
"1459","-5",-0.23
"1559","-6",-0.49
"1659","-7",-0.17
"1759","-8",-0.38
"1859","-9",-0.7
"1959","-10",-0.56
"2059","-11",-0.54
"2197","-12",-0.4
"2260","-13",-0.37
"2359","-14",-0.5
"2459","-15",-0.3
"2559","-16",0
"2659","-17",0.03
"2759","-18",-0.12
"2859","-19",-0.06
"2958","-20",-0.27
"3058","-21",-0.14
"3160","-22",-0.31
"3258","-23",-0.09
"3358","-24",0.44
"3458","-25",0.42
"1198","-26",0.47
"2198","-27",0.35
"397","-28",0.59
"459","-29",0.19
"560","-30",0.11
"660","-31",0.44
"760","-32",0.03
"860","-33",0.16
"960","-34",0.36
"1060","-35",-0.02
"1199","-36",0.18
"1262","-37",0.46
"1360","-38",0.12
"1460","-39",0.14
"1560","-40",0.12
"1660","-41",0.17
"1760","-42",0.73
"1860","-43",0.04
"1960","-44",0.09
"2060","-45",0.56
"2199","-46",0.48
"2261","-47",0.34
"2360","-48",0.61
"2460","-49",0.03
"2560","-50",0.73
"2660","-51",0.95
"2760","-52",1.27
"2860","-53",0.84
"2959","-54",0.62
"3059","-55",0.36
"3161","-56",0.56
"3259","-57",0.41
"3359","-58",0.41
"3459","-59",0.29
"1200","-60",0.43
"2200","-61",0.55
"398","-62",0.55
"460","-63",0.72
"561","-64",0.78
"661","-65",1.01
"761","-66",0.5
"861","-67",0.54
"961","-68",0.34
"1061","-69",0.62
"11100","-70",0.57
"1263","-71",-0.09
"1361","-72",0.39
"1461","-73",-0.37
"1561","-74",0.61
"1661","-75",0.5
"1761","-76",0.28
"1861","-77",0.04
"1961","-78",0.57
"2061","-79",0.94
"21100","-80",0.71
"2262","-81",0.58
"2361","-82",0.64
"2461","-83",0.64
"2561","-84",0.15
"2661","-85",0.44
"2761","-86",0.15
"2861","-87",0.56
"2960","-88",0.79
"3060","-89",0.96
"3162","-90",0.73
"3260","-91",0.39
"3360","-92",0.6
"3460","-93",1.19
"1201","-94",1.16
"2201","-95",1.59
"399","-96",1.53
"461","-97",1.5
"562","-98",1.58
"662","-99",1.56
"762","-100",1.37
"862","-101",1.17
"962","-102",0.76
"1062","-103",1
"11101","-104",0.29
"1264","-105",1.05
"1362","-106",0.71
"1462","-107",0.49
"1562","-108",0.23
"1662","-109",0.41
"1762","-110",0.61
"1862","-111",1.25
"1962","-112",0.97
"2062","-113",2.32
"21101","-114",2.52
"2263","-115",2.4
"2362","-116",0.73
"2462","-117",0.17
"2562","-118",-0.08
"2662","-119",2.85
"2762","-120",1.75
"2862","-121",0.88
"2961","-122",0.06
"3061","-123",1.97
"3163","-124",0.44
"3261","-125",-0.05
"3361","-126",-0.16
"3461","-127",0.25
"1202","-128",NA
"2202","-129",-0.13
"3100","-130",-0.19
"462","-131",0.14
"563","-132",-0.38
"663","-133",-0.11
"763","-134",-0.19
"863","-135",-0.13
"963","-136",0.63
"1063","-137",-0.27
"11102","-138",0.28
"1265","-139",0.85
"1363","-140",0.2
"1463","-141",0.26
"1563","-142",0.11
"1663","-143",0.28
"1763","-144",-0.08
"1863","-145",-0.22
"1963","-146",0.34
"2063","-147",-0.3
"21102","-148",0.23
"2264","-149",0.77
"2363","-150",0.34
"2463","-151",0.11
"2563","-152",-0.11
"2663","-153",0.36
"2763","-154",-0.46
"2863","-155",0.17
"2962","-156",0.14
"3062","-157",0.93
"3164","-158",0.61
"3262","-159",0.5
"3362","-160",-0.08
"3462","-161",-0.1
"1203","-162",NA
"2203","-163",0.17
"3101","-164",0.17
"463","-165",0.09
"564","-166",1.32
"664","-167",1.04
"764","-168",0.69
"864","-169",0.69
"964","-170",-0.35
"1064","-171",0.42
"11103","-172",-0.43
"1266","-173",-0.1
"1364","-174",0.31
"1464","-175",-0.05
"1564","-176",0.52
"1664","-177",0.39
"1764","-178",0.42
"1864","-179",0.69
"1964","-180",0.74
"2064","-181",-0.11
"21103","-182",0.31
"2265","-183",0.2
"2364","-184",0.14
"2464","-185",-0.08
"2564","-186",0.93
"2664","-187",0.22
"2764","-188",0.64
"2864","-189",0.28
"2963","-190",0.11
"3063","-191",0.32
"3165","-192",0.14
"3263","-193",0.11
"3363","-194",-0.09
"3463","-195",0.21
"1204","-196",NA
"2204","-197",0.43
"3102","-198",0.37
"464","-199",0.84
"565","-200",0.47
"665","-201",0.77
"765","-202",0.69
"865","-203",-0.19
"965","-204",0.2
"1065","-205",0.36
"11104","-206",-0.13
"1267","-207",0.25
"1365","-208",-0.62
"1465","-209",0.61
"1565","-210",0.5
"1665","-211",1.07
"1765","-212",0.93
"1865","-213",0.47
"1965","-214",0.96
"2065","-215",1.07
"21104","-216",0.93
"2266","-217",1.26
"2365","-218",0.03
"2465","-219",0.22
"2565","-220",0.37
"2665","-221",0.44
"2765","-222",0.55
"2865","-223",-0.21
"2964","-224",0.77
"3064","-225",0.14
"3166","-226",0.55
"3264","-227",0.39
"3364","-228",0.17
"3464","-229",-0.08
"1205","-230",NA
"2205","-231",1.26
"3103","-232",0.09
"465","-233",-0.02
"566","-234",-0.15
"666","-235",-0.31
"766","-236",-0.38
"866","-237",-0.48
"966","-238",0.43
"1066","-239",0.61
"11105","-240",-0.53
"1268","-241",0.03
"1366","-242",0.14
"1466","-243",0.36
"1566","-244",0.24
"1666","-245",0.13
"1766","-246",0.14
"1866","-247",-0.18
"1966","-248",-0.15
"2066","-249",-0.51
"21105","-250",-0.17
"2267","-251",-0.37
"2366","-252",-0.25
"2466","-253",-0.42
"2566","-254",-0.09
"2666","-255",-0.48
"2766","-256",-0.48
"2866","-257",-0.21
"2965","-258",-0.69
"3065","-259",-0.43
"3167","-260",-0.65
"3265","-261",-0.66
"3365","-262",0
"3465","-263",-0.23
"1206","-264",NA
"2206","-265",-0.62
"3104","-266",-0.01
"466","-267",0.27
"567","-268",0.93
"667","-269",-0.16
"767","-270",0.28
"867","-271",0.08
"967","-272",0.58
"1067","-273",0.17
"11106","-274",0.25
"1269","-275",-0.43
"1367","-276",0.47
"1467","-277",-0.05
"1567","-278",0.03
"1667","-279",0.17
"1767","-280",0
"1867","-281",0.93
"1967","-282",0.88
"2067","-283",0.23
"21106","-284",0.53
"2268","-285",-0.03
"2367","-286",-0.24
"2467","-287",0.25
"2567","-288",0.11
"2667","-289",-0.16
"2767","-290",0.42
"2867","-291",0.91
"2966","-292",0.36
"3066","-293",-0.43
"3168","-294",0.36
"3266","-295",0.22
"3366","-296",0.96
"3466","-297",1.02
"1207","-298",NA
"2207","-299",-0.24
"3105","-300",0.03
"467","-301",0.85
"568","-302",0.25
"668","-303",-0.02
"768","-304",0.5
"868","-305",0.06
"968","-306",1.24
"1068","-307",1.15
"11107","-308",1.09
"1270","-309",1.02
"1368","-310",2.22
"1468","-311",0.91
"1568","-312",1.07
"1668","-313",2
"1768","-314",0.91
"1868","-315",1.78
"1968","-316",0.42
"2068","-317",3.01
"21107","-318",0.03
"2269","-319",1.56
"2368","-320",0.31
"2468","-321",0.58
"2568","-322",1.02
"2668","-323",1.21
"2768","-324",1.7
"2868","-325",0.93
"2967","-326",0.91
"3067","-327",1.91
"3169","-328",2.05
"3267","-329",0.93
"3367","-330",0.63
"3467","-331",1.32
"1208","-332",NA
"2208","-333",1.59
"3106","-334",2.36
"468","-335",2.49
"569","-336",3.37
"669","-337",2.38
"769","-338",0.31
"869","-339",0.64
"969","-340",0.41
"1069","-341",1.04
"11108","-342",0.53
"1271","-343",0.6
"1369","-344",1.18
"1469","-345",1.89
"1569","-346",0.79
"1669","-347",0.27
"1769","-348",0.14
"1869","-349",0.76
"1969","-350",0.08
"2069","-351",0.05
"21108","-352",0.06
"2270","-353",-0.3
"2369","-354",0.05
"2469","-355",-0.44
"2569","-356",-0.24
"2669","-357",-0.27
"2769","-358",0.11
"2869","-359",-0.19
"2968","-360",-0.01
"3068","-361",-0.22
"3170","-362",-0.25
"3268","-363",-0.62
"3368","-364",-0.32
"3468","-365",-0.52
"1209","-366",-0.32
"2209","-367",-0.52
"3107","-368",-0.53
"469","-369",-0.34
"570","-370",-0.38
"670","-371",-0.77
"770","-372",-0.73
"870","-373",-0.56
"970","-374",-0.43
"1070","-375",-0.46
"11109","-376",-0.52
"1272","-377",-0.65
"1370","-378",-0.4
"1470","-379",-0.53
"1570","-380",-0.59
"1670","-381",-0.74
"1770","-382",-0.71
"1870","-383",-0.78
"1970","-384",-0.44
"2070","-385",-0.52
"21109","-386",-0.5
"2271","-387",-0.5
"2370","-388",-0.39
"2470","-389",-0.08
"2570","-390",0.22
"2670","-391",-0.61
"2770","-392",-0.25
"2870","-393",0.33
"2969","-394",0.19
"3069","-395",0.23
"3171","-396",0.02
"3269","-397",-0.1
"3369","-398",-0.04
"3469","-399",-0.03
"1273","-400",0.01
"2272","-401",-0.11
"3108","-402",-0.18
"470","-403",0.03
"571","-404",-0.14
"671","-405",0.08
"771","-406",-0.12
"871","-407",0.14
"971","-408",0.27
"1071","-409",0.3
"11110","-410",0.17
"1274","-411",0.27
"1371","-412",0.13
"1471","-413",0.3
"1571","-414",0.05
"1671","-415",0.07
"1771","-416",0
"1871","-417",0.5
"1971","-418",-0.34
"2071","-419",-0.09
"21110","-420",-0.43
"2273","-421",0.06
"2371","-422",0.41
"2471","-423",0.15
"2571","-424",0.24
"2671","-425",0.27
"2771","-426",-0.09
"2871","-427",0.41
"2970","-428",0.4
"3070","-429",-0.33
"3172","-430",-0.41
"3270","-431",-0.27
"3370","-432",-0.2
"3470","-433",0.73
"1275","-434",0.58
"2274","-435",0.8
"3109","-436",0.4
"471","-437",-0.01
"572","-438",-0.43
"672","-439",-0.23
"772","-440",-0.26
"872","-441",0.73
"972","-442",0.65
"1072","-443",0.88
"11111","-444",0.01
"1276","-445",0.51
"1372","-446",1.21
"1472","-447",0.93
"1572","-448",1.19
"1672","-449",0.35
"1772","-450",1.86
"1872","-451",0.37
"1972","-452",1.63
"2072","-453",2.38
"21111","-454",2.21
"2275","-455",3.72
"2372","-456",3.95
"2472","-457",4.55
"2572","-458",3.89
"2672","-459",3.8
"2772","-460",2.78
"2872","-461",4.02
"2971","-462",4.13
"3071","-463",4.47
"3173","-464",3.58
"3271","-465",3.05
"3371","-466",4.27
"3471","-467",4.49
"1277","-468",4.69
"2276","-469",6.69
"3174","-470",2.32
"472","-471",2.21
"573","-472",1.36
"673","-473",1.28
"773","-474",1.32
"873","-475",0.64
"973","-476",1.48
"1073","-477",1.51
"11112","-478",2.15
"1278","-479",2.12
"1373","-480",1.05
"1473","-481",2.81
"1573","-482",1.37
"1673","-483",1.25
"1773","-484",0.95
"1873","-485",2.19
"1973","-486",0.8
"2073","-487",1.52
"21112","-488",1.32
"2277","-489",2.05
"2373","-490",0.87
"2473","-491",2.06
"2573","-492",1.59
"2673","-493",1.72
"2773","-494",1.49
"2873","-495",1.26
"2972","-496",1.12
"3072","-497",1.35
"3175","-498",1.07
"3272","-499",0.17
"3372","-500",1.46
"3472","-501",0.27
"1279","-502",1.3
"2278","-503",0.4
"3176","-504",0.6
"473","-505",0.13
"574","-506",0.25
"674","-507",0.41
"774","-508",1.12
"874","-509",0.43
"974","-510",0.18
"1074","-511",-0.19
"11113","-512",0.07
"1280","-513",0.02
"1374","-514",0.37
"1474","-515",-0.05
"1574","-516",0.4
"1674","-517",0.1
"1774","-518",0.49
"1874","-519",0.13
"1974","-520",0.12
"2074","-521",-0.05
"21113","-522",-0.14
"2279","-523",-0.25
"2374","-524",-0.39
"2474","-525",-0.61
"2574","-526",-0.4
"2674","-527",-0.32
"2774","-528",-0.05
"2874","-529",-0.38
"2973","-530",-0.21
"3073","-531",-0.29
"3177","-532",-0.13
"3273","-533",-0.38
"3373","-534",-0.57
"3473","-535",-0.23
"1281","-536",-0.55
"2280","-537",-0.74
"3178","-538",-0.6
"474","-539",-0.36
"575","-540",-0.48
"675","-541",-0.78
"775","-542",-0.52
"875","-543",-0.33
"975","-544",-0.06
"1075","-545",-0.54
"11114","-546",-0.77
"1282","-547",-0.43
"1375","-548",-0.53
"1475","-549",-0.69
"1575","-550",-0.7
"1675","-551",-0.56
"1775","-552",-0.68
"1875","-553",-0.51
"1975","-554",-0.61
"2075","-555",-0.95
"21114","-556",-0.52
"2281","-557",-0.84
"2375","-558",-0.79
"2475","-559",-0.56
"2575","-560",-0.45
"2675","-561",-0.48
"2775","-562",-0.69
"2875","-563",-0.44
"2974","-564",-0.43
"3074","-565",-0.55
"3179","-566",-0.91
"3274","-567",-0.96
"3374","-568",-0.81
"3474","-569",-0.84
"1283","-570",-1.02
"2282","-571",-0.95
"3180","-572",-0.75
"475","-573",-0.76
"576","-574",-0.81
"676","-575",-0.87
"776","-576",-0.76
"876","-577",-0.7
"976","-578",-0.66
"1076","-579",-0.69
"11115","-580",-0.88
"1284","-581",-0.59
"1376","-582",-0.86
"1476","-583",-0.78
"1576","-584",-0.76
"1676","-585",-0.68
"1776","-586",-0.59
"1876","-587",-0.9
"1976","-588",-0.53
"2076","-589",-0.61
"21115","-590",-0.95
"2283","-591",-0.89
"2376","-592",-0.56
"2476","-593",-0.53
"2576","-594",-0.98
"2676","-595",-0.65
"2776","-596",-0.61
"2876","-597",-0.49
"2975","-598",-0.71
"3075","-599",-0.46
"3181","-600",-0.74
"3275","-601",-0.59
"3375","-602",-0.67
"3475","-603",-0.84
"1285","-604",-0.48
"2284","-605",-0.41
"3182","-606",-0.42
"476","-607",-0.31
"577","-608",-0.59
"677","-609",-0.54
"777","-610",-0.7
"877","-611",-0.58
"977","-612",-0.88
"1077","-613",-0.58
"11116","-614",-0.68
"1286","-615",-0.66
"1377","-616",-0.4
"1477","-617",-0.51
"1577","-618",-0.5
"1677","-619",-0.24
"1777","-620",-0.31
"1877","-621",-0.44
"1977","-622",-0.33
"2077","-623",0.55
"21116","-624",0.17
"2285","-625",-0.42
"2377","-626",0.06
"2477","-627",0.04
"2577","-628",0.47
"2677","-629",-0.89
"2777","-630",-0.62
"2877","-631",-0.68
"2976","-632",-0.96
"3076","-633",-0.28
"3183","-634",-0.64
"3276","-635",-1.02
"3376","-636",-0.48
"3476","-637",-0.48
"1287","-638",-0.74
"2286","-639",-0.19
"3184","-640",-0.47
"477","-641",-0.57
"578","-642",-0.93
"678","-643",-0.5
"778","-644",-0.22
"878","-645",-0.77
"978","-646",-0.44
"1078","-647",-0.32
"11117","-648",-0.45
"1288","-649",-0.6
"1378","-650",-0.27
"1478","-651",-0.22
"1578","-652",-0.15
"1678","-653",0.18
"1778","-654",0.33
"1878","-655",-0.38
"1978","-656",-0.2
"2078","-657",-0.16
"21117","-658",0.07
"2287","-659",0.09
"2378","-660",-0.07
"2478","-661",-0.31
"2578","-662",-0.22
"2678","-663",-0.27
"2778","-664",0.01
"2878","-665",0.13
"2977","-666",-0.05
"3077","-667",0.03
"3185","-668",0.07
"3277","-669",0.37
"3377","-670",0.65
"3477","-671",0.57
"1289","-672",0.49
"2288","-673",-0.06
"3186","-674",0
"478","-675",0.56
"579","-676",0.2
"679","-677",0.59
"779","-678",-0.01
"879","-679",0.05
"979","-680",0.43
"1079","-681",0.17
"11118","-682",1.43
"1290","-683",1.01
"1379","-684",0.22
"1479","-685",-0.11
"1579","-686",0.46
"1679","-687",0.95
"1779","-688",0.92
"1879","-689",0.24
"1979","-690",0.29
"2079","-691",0.76
"21118","-692",1.17
"2289","-693",1.51
"2379","-694",0.95
"2479","-695",2.15
"2579","-696",0.53
"2679","-697",0.65
"2779","-698",0.57
"2879","-699",0.38
"2978","-700",0.88
"3078","-701",0.24
"3187","-702",0.35
"3278","-703",0.45
"3378","-704",1.29
"3478","-705",1.11
"1291","-706",1.67
"2290","-707",0.15
"3188","-708",0.34
"479","-709",0.35
"580","-710",1.31
"680","-711",1.05
"780","-712",0.65
"880","-713",0.49
"980","-714",0.55
"1080","-715",0.22
"11119","-716",0.81
"1292","-717",1.01
"1380","-718",0.75
"1480","-719",0.81
"1580","-720",-0.13
"1680","-721",-0.11
"1780","-722",-0.32
"1880","-723",0.37
"1980","-724",0.04
"2080","-725",0.12
"21119","-726",0.01
"2291","-727",0.59
"2380","-728",0.11
"2480","-729",-0.09
"2580","-730",-0.16
"2680","-731",0.31
"2780","-732",0.16
"2880","-733",0.08
"2979","-734",-0.24
"3079","-735",0.01
"3189","-736",-0.13
"3279","-737",-0.19
"3379","-738",-0.45
"3479","-739",-0.36
"1293","-740",0.09
"2292","-741",0.67
"3190","-742",-0.09
"480","-743",0.05
"581","-744",-0.09
"681","-745",-0.13
"781","-746",0.03
"881","-747",-0.21
"981","-748",-0.52
"1081","-749",-0.23
"11120","-750",-0.4
"1294","-751",-0.42
"1381","-752",0.01
"1481","-753",-0.45
"1581","-754",-0.04
"1681","-755",-0.08
"1781","-756",-0.21
"1881","-757",0.16
"1981","-758",-0.29
"2081","-759",1.31
"21120","-760",0.74
"2293","-761",0.05
"2381","-762",0.18
"2481","-763",-0.02
"2581","-764",0.41
"2681","-765",0.18
"2781","-766",0.61
"2881","-767",0.39
"2980","-768",-0.3
"3080","-769",-0.77
"3191","-770",-0.85
"3280","-771",-0.63
"3380","-772",-0.82
"3480","-773",-0.67
"1295","-774",-0.53
"2294","-775",-0.75
"3192","-776",-0.58
"481","-777",-0.23
"582","-778",0.33
"682","-779",0.21
"782","-780",-0.46
"882","-781",-0.72
"982","-782",-0.59
"1082","-783",-0.6
"11121","-784",-0.55
"1296","-785",-0.78
"1382","-786",-0.55
"1482","-787",-0.51
"1582","-788",-0.12
"1682","-789",-0.7
"1782","-790",-0.46
"1882","-791",-0.39
"1982","-792",-0.54
"2082","-793",0.3
"21121","-794",-0.06
"2295","-795",0.01
"2382","-796",0.03
"2482","-797",-0.21
"2582","-798",0.69
"2682","-799",0.39
"2782","-800",2.52
"2882","-801",0.61
"2981","-802",0.5
"3081","-803",0.85
"3193","-804",0.44
"3281","-805",0.44
"3381","-806",1.35
"3481","-807",1.65
"1297","-808",NA
"2296","-809",0.85
"3194","-810",1.35
"482","-811",-0.08
"583","-812",0.03
"683","-813",0.39
"783","-814",-0.32
"883","-815",-0.1
"983","-816",0.82
"1083","-817",1.18
"11122","-818",0.2
"1298","-819",-0.13
"1383","-820",-0.76
"1483","-821",-0.66
"1583","-822",-0.75
"1683","-823",-0.58
"1783","-824",-0.74
"1883","-825",-0.37
"1983","-826",-0.43
"2083","-827",-0.13
"21122","-828",-0.46
"2297","-829",-0.55
"2383","-830",0.17
"2483","-831",0.06
"2583","-832",-0.46
"2683","-833",-0.84
"2783","-834",-0.76
"2883","-835",-0.49
"2982","-836",-0.73
"3082","-837",-0.35
"3195","-838",-0.08
"3282","-839",-0.46
"3382","-840",-0.27
"3482","-841",-0.11
"1299","-842",NA
"2298","-843",-0.57
"3196","-844",-0.24
"483","-845",-0.79
"584","-846",-0.16
"684","-847",-0.24
"784","-848",0.88
"884","-849",1.04
"984","-850",1.03
"1084","-851",1.1
"11123","-852",0.1
"12100","-853",-0.04
"1384","-854",0.07
"1484","-855",-0.24
"1584","-856",-0.29
"1684","-857",-0.11
"1784","-858",-0.14
"1884","-859",-0.51
"1984","-860",-0.35
"2084","-861",-0.24
"21123","-862",-0.27
"2299","-863",-0.43
"2384","-864",-0.24
"2484","-865",-0.29
"2584","-866",0.91
"2684","-867",-0.22
"2784","-868",0.08
"2884","-869",-0.34
"2983","-870",-0.57
"3083","-871",-0.88
"3197","-872",-0.43
"3283","-873",-0.78
"3383","-874",-0.93
"3483","-875",-0.81
"1300","-876",NA
"2300","-877",-0.93
"3198","-878",-0.59
"484","-879",-0.25
"585","-880",-0.32
"685","-881",-0.64
"785","-882",-1
"885","-883",-0.43
"985","-884",-0.19
"1085","-885",-0.45
"11124","-886",-0.52
"12101","-887",-0.62
"1385","-888",-0.79
"1485","-889",-0.67
"1585","-890",-0.68
"1685","-891",-0.62
"1785","-892",-0.19
"1885","-893",0.52
"1985","-894",-0.82
"2085","-895",1.02
"21124","-896",-0.05
"22100","-897",0.42
"2385","-898",0.11
"2485","-899",-0.11
"2585","-900",-0.12
"2685","-901",-0.18
"2785","-902",1.19
"2885","-903",-0.24
"2984","-904",0.5
"3084","-905",0.21
"3199","-906",1.02
"3284","-907",1.18
"3384","-908",0.17
"3484","-909",0.23
"1301","-910",NA
"2301","-911",-0.29
"3200","-912",-0.73
"485","-913",0.14
"586","-914",-0.54
"686","-915",-0.37
"786","-916",-0.13
"886","-917",-0.49
"986","-918",-0.53
"1086","-919",-0.3
"11125","-920",-0.4
"12102","-921",-0.12
"1386","-922",-0.18
"1486","-923",-0.41
"1586","-924",-0.63
"1686","-925",-0.28
"1786","-926",0.53
"1886","-927",-0.08
"1986","-928",-0.38
"2086","-929",-0.24
"21125","-930",-0.57
"22101","-931",-0.3
"2386","-932",-0.55
"2486","-933",-0.16
"2586","-934",-0.59
"2686","-935",0.24
"2786","-936",-0.1
"2886","-937",0.24
"2985","-938",-0.5
"3085","-939",-0.02
"31100","-940",-0.1
"3285","-941",-0.45
"3385","-942",0.6
"3485","-943",0.11
"1302","-944",-0.35
"2302","-945",-0.48
"3201","-946",-0.23
"486","-947",-0.81
"587","-948",-0.46
"687","-949",-0.39
"787","-950",-0.32
"887","-951",-0.36
"987","-952",-0.27
"1087","-953",-0.18
"11126","-954",0.94
"12103","-955",1.24
"1387","-956",0.32
"1487","-957",0.15
"1587","-958",-0.41
"1687","-959",0.1
"1787","-960",0.06
"1887","-961",0.21
"1987","-962",-0.03
"2087","-963",-0.13
"21126","-964",-0.08
"22102","-965",0.07
"2387","-966",0.23
"2487","-967",-0.36
"2587","-968",0.7
"2687","-969",0.85
"2787","-970",0.64
"2887","-971",1.75
"2986","-972",1.37
"3086","-973",-0.12
"31101","-974",0.25
"3286","-975",0.04
"3386","-976",0.55
"3486","-977",-0.03
"1303","-978",NA
"2303","-979",0.46
"3202","-980",0.05
"487","-981",0.7
"588","-982",0.06
"688","-983",0.48
"788","-984",-0.06
"888","-985",-0.06
"988","-986",-0.27
"1088","-987",-0.03
"11127","-988",-0.56
"12104","-989",-0.19
"1388","-990",0.23
"1488","-991",-0.11
